title,type,question,A,B,C,D,answer,image
F5 Chp 9,radio,Perak_Q36,A,B,C,D,B,Perak/Picture36.png
F5 Chp 9,radio,JohorBahru_Q37,A,B,C,D,C,Johor Bahru/Picture37.png
F5 Chp 9,radio,Kedah_Q37,A,B,C,D,C,Kedah/Picture37.png
F5 Chp 9,radio,Kelantan_Q37,A,B,C,D,C,Kelantan/Picture37.png
F5 Chp 9,radio,KlSentul_Q37,A,B,C,D,C,KL Sentul/Picture37.png
F5 Chp 9,radio,Melaka_Q37,A,B,C,D,B,Melaka/Picture37.png
F5 Chp 9,radio,N_Q37,A,B,C,D,B,N9/Picture37.png
F5 Chp 9,radio,Pahang_Q37,A,B,C,D,C,Pahang/Picture37.png
F5 Chp 9,radio,Penang_Q37,A,B,C,D,B,Penang/Picture37.png
F5 Chp 9,radio,Perak_Q37,A,B,C,D,B,Perak/Picture37.png
F5 Chp 9,radio,Perlis_Q37,A,B,C,D,B,Perlis/Picture37.png
F5 Chp 9,radio,PutrajayaSet_Q37,A,B,C,D,B,Putrajaya set 1/Picture37.png
F5 Chp 9,radio,PutrajayaSet_Q37,A,B,C,D,D,Putrajaya set 2/Picture37.png
F5 Chp 9,radio,SarawakSerian_Q37,A,B,C,D,B,Sarawak Serian/Picture37.png
F5 Chp 9,radio,SelangorSet_Q37,A,B,C,D,C,Selangor set 1/Picture37.png
F5 Chp 9,radio,SelangorSet_Q37,A,B,C,D,A,Selangor set 2/Picture37.png
F5 Chp 9,radio,SelangorSet_Q37,A,B,C,D,C,Selangor set 3/Picture37.png
F5 Chp 9,radio,Smka_Q37,A,B,C,D,A,SMKA/Picture37.png
F5 Chp 9,radio,Terengganu_Q37,A,B,C,D,B,Terengganu/Picture37.png
F5 Chp 9,radio,JohorBahru_Q38,A,B,C,D,B,Johor Bahru/Picture38.png
F5 Chp 9,radio,Kedah_Q38,A,B,C,D,A,Kedah/Picture38.png
F5 Chp 9,radio,Kelantan_Q38,A,B,C,D,B,Kelantan/Picture38.png
F5 Chp 9,radio,KlSentul_Q38,A,B,C,D,A,KL Sentul/Picture38.png
F5 Chp 9,radio,Melaka_Q38,A,B,C,D,A,Melaka/Picture38.png
F5 Chp 9,radio,Mrsm_Q38,A,B,C,D,A,MRSM/Picture38.png
F5 Chp 9,radio,N_Q38,A,B,C,D,B,N9/Picture38.png
F5 Chp 9,radio,Pahang_Q38,A,B,C,D,A,Pahang/Picture38.png
F5 Chp 9,radio,Penang_Q38,A,B,C,D,C,Penang/Picture38.png
F5 Chp 9,radio,Perak_Q38,A,B,C,D,D,Perak/Picture38.png
F5 Chp 9,radio,Perlis_Q38,A,B,C,D,C,Perlis/Picture38.png
F5 Chp 9,radio,PutrajayaSet_Q38,A,B,C,D,D,Putrajaya set 1/Picture38.png
F5 Chp 9,radio,PutrajayaSet_Q38,A,B,C,D,D,Putrajaya set 2/Picture38.png
F5 Chp 9,radio,SarawakSerian_Q38,A,B,C,D,C,Sarawak Serian/Picture38.png
F5 Chp 9,radio,Sbp_Q38,A,B,C,D,A,SBP/Picture38.png
F5 Chp 9,radio,SelangorSet_Q38,A,B,C,D,D,Selangor set 1/Picture38.png
F5 Chp 9,radio,SelangorSet_Q38,A,B,C,D,C,Selangor set 2/Picture38.png
F5 Chp 9,radio,SelangorSet_Q38,A,B,C,D,D,Selangor set 3/Picture38.png
F5 Chp 9,radio,Smka_Q38,A,B,C,D,D,SMKA/Picture38.png
F5 Chp 9,radio,Terengganu_Q38,A,B,C,D,A,Terengganu/Picture38.png
F5 Chp 9,radio,Pahang_Q39,A,B,C,D,C,Pahang/Picture39.png
