group,chapter,label,sheet
state,Johor Bahru 2025 F4,Paper 1,2025/Johor Bahru/Johor Bahru F4.csv
state,Johor Bahru 2025 F5,Paper 1,2025/Johor Bahru/Johor Bahru F5.csv
state,Johor Bahru 2025,Paper 1,2025/Johor Bahru/Johor Bahru.csv
state,Johor Kulai Set 1 2025 F4,Paper 1,2025/Johor Kulai Set 1/Johor Kulai Set 1 F4.csv
state,Johor Kulai Set 1 2025 F5,Paper 1,2025/Johor Kulai Set 1/Johor Kulai Set 1 F5.csv
state,Johor Kulai Set 1 2025,Paper 1,2025/Johor Kulai Set 1/Johor Kulai Set 1.csv
state,Johor Kulai Set 2 2025 F4,Paper 1,2025/Johor Kulai Set 2/Johor Kulai Set 2 F4.csv
state,Johor Kulai Set 2 2025 F5,Paper 1,2025/Johor Kulai Set 2/Johor Kulai Set 2 F5.csv
state,Johor Kulai Set 2 2025,Paper 1,2025/Johor Kulai Set 2/Johor Kulai Set 2.csv
state,Johor Muar 2025 F4,Paper 1,2025/Johor Muar/Johor Muar F4.csv
state,Johor Muar 2025 F5,Paper 1,2025/Johor Muar/Johor Muar F5.csv
state,Johor Muar 2025,Paper 1,2025/Johor Muar/Johor Muar.csv
state,Johor Pasir Gudang 2025 F4,Paper 1,2025/Johor Pasir Gudang/Johor Pasir Gudang F4.csv
state,Johor Pasir Gudang 2025 F5,Paper 1,2025/Johor Pasir Gudang/Johor Pasir Gudang F5.csv
state,Johor Pasir Gudang 2025,Paper 1,2025/Johor Pasir Gudang/Johor Pasir Gudang.csv
state,Johor Segamat Set 1 2025 F4,Paper 1,2025/Johor Segamat Set 1/Johor Segamat Set 1 F4.csv
state,Johor Segamat Set 1 2025 F5,Paper 1,2025/Johor Segamat Set 1/Johor Segamat Set 1 F5.csv
state,Johor Segamat Set 1 2025,Paper 1,2025/Johor Segamat Set 1/Johor Segamat Set 1.csv
state,Johor Segamat Set 2 2025 F4,Paper 1,2025/Johor Segamat Set 2/Johor Segamat Set 2 F4.csv
state,Johor Segamat Set 2 2025 F5,Paper 1,2025/Johor Segamat Set 2/Johor Segamat Set 2 F5.csv
state,Johor Segamat Set 2 2025,Paper 1,2025/Johor Segamat Set 2/Johor Segamat Set 2.csv
state,Kedah 2025 F4,Paper 1,2025/Kedah/Kedah F4.csv
state,Kedah 2025 F5,Paper 1,2025/Kedah/Kedah F5.csv
state,Kedah 2025,Paper 1,2025/Kedah/Kedah.csv
state,Kelantan 2025 F4,Paper 1,2025/Kelantan/Kelantan F4.csv
state,Kelantan 2025 F5,Paper 1,2025/Kelantan/Kelantan F5.csv
state,Kelantan 2025,Paper 1,2025/Kelantan/Kelantan.csv
state,Kuala Lumpur 2025 F4,Paper 1,2025/Kuala Lumpur/Kuala Lumpur F4.csv
state,Kuala Lumpur 2025 F5,Paper 1,2025/Kuala Lumpur/Kuala Lumpur F5.csv
state,Kuala Lumpur 2025,Paper 1,2025/Kuala Lumpur/Kuala Lumpur.csv
state,Melaka 2025 F4,Paper 1,2025/Melaka/Melaka F4.csv
state,Melaka 2025 F5,Paper 1,2025/Melaka/Melaka F5.csv
state,Melaka 2025,Paper 1,2025/Melaka/Melaka.csv
state,MRSM 2025 F4,Paper 1,2025/MRSM/MRSM F4.csv
state,MRSM 2025 F5,Paper 1,2025/MRSM/MRSM F5.csv
state,MRSM 2025,Paper 1,2025/MRSM/MRSM.csv
state,N9 2025 F4,Paper 1,2025/N9/N9 F4.csv
state,N9 2025 F5,Paper 1,2025/N9/N9 F5.csv
state,N9 2025,Paper 1,2025/N9/N9.csv
state,Pahang 2025 F4,Paper 1,2025/Pahang/Pahang F4.csv
state,Pahang 2025 F5,Paper 1,2025/Pahang/Pahang F5.csv
state,Pahang 2025,Paper 1,2025/Pahang/Pahang.csv
state,Perak 2025 F4,Paper 1,2025/Perak/Perak F4.csv
state,Perak 2025 F5,Paper 1,2025/Perak/Perak F5.csv
state,Perak 2025,Paper 1,2025/Perak/Perak.csv
state,Perlis 2025 F4,Paper 1,2025/Perlis/Perlis F4.csv
state,Perlis 2025 F5,Paper 1,2025/Perlis/Perlis F5.csv
state,Perlis 2025,Paper 1,2025/Perlis/Perlis.csv
state,Pulau Pinang 2025 F4,Paper 1,2025/Pulau Pinang/Pulau Pinang F4.csv
state,Pulau Pinang 2025 F5,Paper 1,2025/Pulau Pinang/Pulau Pinang F5.csv
state,Pulau Pinang 2025,Paper 1,2025/Pulau Pinang/Pulau Pinang.csv
state,Putrajaya set 1 2025 F4,Paper 1,2025/Putrajaya set 1/Putrajaya set 1 F4.csv
state,Putrajaya set 1 2025 F5,Paper 1,2025/Putrajaya set 1/Putrajaya set 1 F5.csv
state,Putrajaya set 1 2025,Paper 1,2025/Putrajaya set 1/Putrajaya set 1.csv
state,Putrajaya set 2 2025 F4,Paper 1,2025/Putrajaya set 2/Putrajaya set 2 F4.csv
state,Putrajaya set 2 2025 F5,Paper 1,2025/Putrajaya set 2/Putrajaya set 2 F5.csv
state,Putrajaya set 2 2025,Paper 1,2025/Putrajaya set 2/Putrajaya set 2.csv
state,Sabah 2025 F4,Paper 1,2025/Sabah/Sabah F4.csv
state,Sabah 2025 F5,Paper 1,2025/Sabah/Sabah F5.csv
state,Sabah 2025,Paper 1,2025/Sabah/Sabah.csv
state,SABK 2025 F4,Paper 1,2025/SABK/SABK F4.csv
state,SABK 2025 F5,Paper 1,2025/SABK/SABK F5.csv
state,SABK 2025,Paper 1,2025/SABK/SABK.csv
state,Sarawak Sibu 2025 F4,Paper 1,2025/Sarawak Sibu/Sarawak Sibu F4.csv
state,Sarawak Sibu 2025 F5,Paper 1,2025/Sarawak Sibu/Sarawak Sibu F5.csv
state,Sarawak Sibu 2025,Paper 1,2025/Sarawak Sibu/Sarawak Sibu.csv
state,SBP 2025 F4,Paper 1,2025/SBP/SBP F4.csv
state,SBP 2025 F5,Paper 1,2025/SBP/SBP F5.csv
state,SBP 2025,Paper 1,2025/SBP/SBP.csv
state,Selangor 2025 F4,Paper 1,2025/Selangor/Selangor F4.csv
state,Selangor 2025 F5,Paper 1,2025/Selangor/Selangor F5.csv
state,Selangor 2025,Paper 1,2025/Selangor/Selangor.csv
state,SMKA 2025 F4,Paper 1,2025/SMKA/SMKA F4.csv
state,SMKA 2025 F5,Paper 1,2025/SMKA/SMKA F5.csv
state,SMKA 2025,Paper 1,2025/SMKA/SMKA.csv
state,Terengganu 2025 F4,Paper 1,2025/Terengganu/Terengganu F4.csv
state,Terengganu 2025 F5,Paper 1,2025/Terengganu/Terengganu F5.csv
state,Terengganu 2025,Paper 1,2025/Terengganu/Terengganu.csv
state,Johor Pasir Gudang F4,Paper 1,2026/Johor Pasir Gudang/Johor Pasir Gudang F4.csv
state,Johor Pasir Gudang F5,Paper 1,2026/Johor Pasir Gudang/Johor Pasir Gudang F5.csv
state,Johor Pasir Gudang,Paper 1,2026/Johor Pasir Gudang/Johor Pasir Gudang.csv
state,Johor Tangkak F4,Paper 1,2026/Johor Tangkak/Johor Tangkak F4.csv
state,Johor Tangkak F5,Paper 1,2026/Johor Tangkak/Johor Tangkak F5.csv
state,Johor Tangkak,Paper 1,2026/Johor Tangkak/Johor Tangkak.csv
state,Kedah F4,Paper 1,2026/Kedah/Kedah F4.csv
state,Kedah F5,Paper 1,2026/Kedah/Kedah F5.csv
state,Kedah,Paper 1,2026/Kedah/Kedah.csv
state,Kelantan F4,Paper 1,2026/Kelantan/Kelantan F4.csv
state,Kelantan F5,Paper 1,2026/Kelantan/Kelantan F5.csv
state,Kelantan,Paper 1,2026/Kelantan/Kelantan.csv
state,KL F4,Paper 1,2026/KL/KL F4.csv
state,KL F5,Paper 1,2026/KL/KL F5.csv
state,KL,Paper 1,2026/KL/KL.csv
state,Melaka F4,Paper 1,2026/Melaka/Melaka F4.csv
state,Melaka F5,Paper 1,2026/Melaka/Melaka F5.csv
state,Melaka,Paper 1,2026/Melaka/Melaka.csv
state,Negeri Sembilan F4,Paper 1,2026/Negeri Sembilan/Negeri Sembilan F4.csv
state,Negeri Sembilan F5,Paper 1,2026/Negeri Sembilan/Negeri Sembilan F5.csv
state,Negeri Sembilan,Paper 1,2026/Negeri Sembilan/Negeri Sembilan.csv
state,Pahang F4,Paper 1,2026/Pahang/Pahang F4.csv
state,Pahang F5,Paper 1,2026/Pahang/Pahang F5.csv
state,Pahang,Paper 1,2026/Pahang/Pahang.csv
state,Penang Set 1 F4,Paper 1,2026/Penang Set 1/Penang Set 1 F4.csv
state,Penang Set 1 F5,Paper 1,2026/Penang Set 1/Penang Set 1 F5.csv
state,Penang Set 1,Paper 1,2026/Penang Set 1/Penang Set 1.csv
state,Perak F4,Paper 1,2026/Perak/Perak F4.csv
state,Perak F5,Paper 1,2026/Perak/Perak F5.csv
state,Perak,Paper 1,2026/Perak/Perak.csv
state,Perlis F4,Paper 1,2026/Perlis/Perlis F4.csv
state,Perlis F5,Paper 1,2026/Perlis/Perlis F5.csv
state,Perlis,Paper 1,2026/Perlis/Perlis.csv
state,Sabah Set 1 F4,Paper 1,2026/Sabah Set 1/Sabah Set 1 F4.csv
state,Sabah Set 1 F5,Paper 1,2026/Sabah Set 1/Sabah Set 1 F5.csv
state,Sabah Set 1,Paper 1,2026/Sabah Set 1/Sabah Set 1.csv
state,Sabah Set 2 F4,Paper 1,2026/Sabah Set 2/Sabah Set 2 F4.csv
state,Sabah Set 2 F5,Paper 1,2026/Sabah Set 2/Sabah Set 2 F5.csv
state,Sabah Set 2,Paper 1,2026/Sabah Set 2/Sabah Set 2.csv
state,Sarawak Set 2 F4,Paper 1,2026/Sarawak Set 2/Sarawak Set 2 F4.csv
state,Sarawak Set 2 F5,Paper 1,2026/Sarawak Set 2/Sarawak Set 2 F5.csv
state,Sarawak Set 2,Paper 1,2026/Sarawak Set 2/Sarawak Set 2.csv
state,Selangor Set 1 F4,Paper 1,2026/Selangor Set 1/Selangor Set 1 F4.csv
state,Selangor Set 1 F5,Paper 1,2026/Selangor Set 1/Selangor Set 1 F5.csv
state,Selangor Set 1,Paper 1,2026/Selangor Set 1/Selangor Set 1.csv
state,Selangor Set 2 F4,Paper 1,2026/Selangor Set 2/Selangor Set 2 F4.csv
state,Selangor Set 2 F5,Paper 1,2026/Selangor Set 2/Selangor Set 2 F5.csv
state,Selangor Set 2,Paper 1,2026/Selangor Set 2/Selangor Set 2.csv
state,Terengganu F4,Paper 1,2026/Terengganu/Terengganu F4.csv
state,Terengganu F5,Paper 1,2026/Terengganu/Terengganu F5.csv
state,Terengganu,Paper 1,2026/Terengganu/Terengganu.csv
,,,
,,,
,,,
,,,
,,,
,,,
,,,
,,,
,,,
,,,
,,,
,,,
,,,
,,,
,,,
,,,
,,,
,,,
,,,
,,,
state,Johor Bahru 2024 F4,Paper 1,2024/Johor Bahru/Johor Bahru F4.csv
state,Johor Bahru 2024 F5,Paper 1,2024/Johor Bahru/Johor Bahru F5.csv
state,Johor Bahru 2024,Paper 1,2024/Johor Bahru/Johor Bahru.csv
state,Kedah 2024 F4,Paper 1,2024/Kedah/Kedah F4.csv
state,Kedah 2024 F5,Paper 1,2024/Kedah/Kedah F5.csv
state,Kedah 2024,Paper 1,2024/Kedah/Kedah.csv
state,Kelantan 2024 F4,Paper 1,2024/Kelantan/Kelantan F4.csv
state,Kelantan 2024 F5,Paper 1,2024/Kelantan/Kelantan F5.csv
state,Kelantan 2024,Paper 1,2024/Kelantan/Kelantan.csv
state,KL Sentul 2024 F4,Paper 1,2024/KL Sentul/KL Sentul F4.csv
state,KL Sentul 2024 F5,Paper 1,2024/KL Sentul/KL Sentul F5.csv
state,KL Sentul 2024,Paper 1,2024/KL Sentul/KL Sentul.csv
state,Melaka 2024 F4,Paper 1,2024/Melaka/Melaka F4.csv
state,Melaka 2024 F5,Paper 1,2024/Melaka/Melaka F5.csv
state,Melaka 2024,Paper 1,2024/Melaka/Melaka.csv
state,MRSM 2024 F4,Paper 1,2024/MRSM/MRSM F4.csv
state,MRSM 2024 F5,Paper 1,2024/MRSM/MRSM F5.csv
state,MRSM 2024,Paper 1,2024/MRSM/MRSM.csv
state,N9 2024 F4,Paper 1,2024/N9/N9 F4.csv
state,N9 2024 F5,Paper 1,2024/N9/N9 F5.csv
state,N9 2024,Paper 1,2024/N9/N9.csv
state,Pahang 2024 F4,Paper 1,2024/Pahang/Pahang F4.csv
state,Pahang 2024 F5,Paper 1,2024/Pahang/Pahang F5.csv
state,Pahang 2024,Paper 1,2024/Pahang/Pahang.csv
state,Penang 2024 F4,Paper 1,2024/Penang/Penang F4.csv
state,Penang 2024 F5,Paper 1,2024/Penang/Penang F5.csv
state,Penang 2024,Paper 1,2024/Penang/Penang.csv
state,Perak 2024 F4,Paper 1,2024/Perak/Perak F4.csv
state,Perak 2024 F5,Paper 1,2024/Perak/Perak F5.csv
state,Perak 2024,Paper 1,2024/Perak/Perak.csv
state,Perlis 2024 F4,Paper 1,2024/Perlis/Perlis F4.csv
state,Perlis 2024 F5,Paper 1,2024/Perlis/Perlis F5.csv
state,Perlis 2024,Paper 1,2024/Perlis/Perlis.csv
state,Putrajaya set 1 2024 F4,Paper 1,2024/Putrajaya set 1/Putrajaya set 1 F4.csv
state,Putrajaya set 1 2024 F5,Paper 1,2024/Putrajaya set 1/Putrajaya set 1 F5.csv
state,Putrajaya set 1 2024,Paper 1,2024/Putrajaya set 1/Putrajaya set 1.csv
state,Putrajaya set 2 2024 F4,Paper 1,2024/Putrajaya set 2/Putrajaya set 2 F4.csv
state,Putrajaya set 2 2024 F5,Paper 1,2024/Putrajaya set 2/Putrajaya set 2 F5.csv
state,Putrajaya set 2 2024,Paper 1,2024/Putrajaya set 2/Putrajaya set 2.csv
state,Sarawak Serian 2024 F4,Paper 1,2024/Sarawak Serian/Sarawak Serian F4.csv
state,Sarawak Serian 2024 F5,Paper 1,2024/Sarawak Serian/Sarawak Serian F5.csv
state,Sarawak Serian 2024,Paper 1,2024/Sarawak Serian/Sarawak Serian.csv
state,SBP 2024 F4,Paper 1,2024/SBP/SBP F4.csv
state,SBP 2024 F5,Paper 1,2024/SBP/SBP F5.csv
state,SBP 2024,Paper 1,2024/SBP/SBP.csv
state,Selangor set 1 2024 F4,Paper 1,2024/Selangor set 1/Selangor set 1 F4.csv
state,Selangor set 1 2024 F5,Paper 1,2024/Selangor set 1/Selangor set 1 F5.csv
state,Selangor set 1 2024,Paper 1,2024/Selangor set 1/Selangor set 1.csv
state,Selangor set 2 2024 F4,Paper 1,2024/Selangor set 2/Selangor set 2 F4.csv
state,Selangor set 2 2024 F5,Paper 1,2024/Selangor set 2/Selangor set 2 F5.csv
state,Selangor set 2 2024,Paper 1,2024/Selangor set 2/Selangor set 2.csv
state,Selangor set 3 2024 F4,Paper 1,2024/Selangor set 3/Selangor set 3 F4.csv
state,Selangor set 3 2024 F5,Paper 1,2024/Selangor set 3/Selangor set 3 F5.csv
state,Selangor set 3 2024,Paper 1,2024/Selangor set 3/Selangor set 3.csv
state,SMKA 2024 F4,Paper 1,2024/SMKA/SMKA F4.csv
state,SMKA 2024 F5,Paper 1,2024/SMKA/SMKA F5.csv
state,SMKA 2024,Paper 1,2024/SMKA/SMKA.csv
state,Terengganu 2024 F4,Paper 1,2024/Terengganu/Terengganu F4.csv
state,Terengganu 2024 F5,Paper 1,2024/Terengganu/Terengganu F5.csv
state,Terengganu 2024,Paper 1,2024/Terengganu/Terengganu.csv
chapter,F4 Bab 1 2024,2024 Paper 1 分类,2024/2024 F4 Chp 1.csv
chapter,F4 Bab 2 2024,2024 Paper 1 分类,2024/2024 F4 Chp 2.csv
chapter,F4 Bab 3 2024,2024 Paper 1 分类,2024/2024 F4 Chp 3.csv
chapter,F4 Bab 4 2024,2024 Paper 1 分类,2024/2024 F4 Chp 4.csv
chapter,F4 Bab 5 2024,2024 Paper 1 分类,2024/2024 F4 Chp 5.csv
chapter,F4 Bab 6 2024,2024 Paper 1 分类,2024/2024 F4 Chp 6.csv
chapter,F4 Bab 7 2024,2024 Paper 1 分类,2024/2024 F4 Chp 7.csv
chapter,F4 Bab 8 2024,2024 Paper 1 分类,2024/2024 F4 Chp 8.csv
chapter,F4 Bab 9 2024,2024 Paper 1 分类,2024/2024 F4 Chp 9.csv
chapter,F4 Bab 10 2024,2024 Paper 1 分类,2024/2024 F4 Chp 10.csv
chapter,F5 Bab 1 2024,2024 Paper 1 分类,2024/2024 F5 Chp 1.csv
chapter,F5 Bab 2 2024,2024 Paper 1 分类,2024/2024 F5 Chp 2.csv
chapter,F5 Bab 3 2024,2024 Paper 1 分类,2024/2024 F5 Chp 3.csv
chapter,F5 Bab 4 2024,2024 Paper 1 分类,2024/2024 F5 Chp 4.csv
chapter,F5 Bab 5 2024,2024 Paper 1 分类,2024/2024 F5 Chp 5.csv
chapter,F5 Bab 6 2024,2024 Paper 1 分类,2024/2024 F5 Chp 6.csv
chapter,F5 Bab 7 2024,2024 Paper 1 分类,2024/2024 F5 Chp 7.csv
chapter,F5 Bab 8 2024,2024 Paper 1 分类,2024/2024 F5 Chp 8.csv
chapter,F5 Bab 9 2024,2024 Paper 1 分类,2024/2024 F5 Chp 9.csv
chapter,F5 Bab 10 2024,2024 Paper 1 分类,2024/2024 F5 Chp 10.csv
chapter,F4 Bab 1 2025,2025 Paper 1 分类,2025/2025 F4 Chp 1.csv
chapter,F4 Bab 2 2025,2025 Paper 1 分类,2025/2025 F4 Chp 2.csv
chapter,F4 Bab 3 2025,2025 Paper 1 分类,2025/2025 F4 Chp 3.csv
chapter,F4 Bab 4 2025,2025 Paper 1 分类,2025/2025 F4 Chp 4.csv
chapter,F4 Bab 5 2025,2025 Paper 1 分类,2025/2025 F4 Chp 5.csv
chapter,F4 Bab 6 2025,2025 Paper 1 分类,2025/2025 F4 Chp 6.csv
chapter,F4 Bab 7 2025,2025 Paper 1 分类,2025/2025 F4 Chp 7.csv
chapter,F4 Bab 8 2025,2025 Paper 1 分类,2025/2025 F4 Chp 8.csv
chapter,F4 Bab 9 2025,2025 Paper 1 分类,2025/2025 F4 Chp 9.csv
chapter,F4 Bab 10 2025,2025 Paper 1 分类,2025/2025 F4 Chp 10.csv
chapter,F5 Bab 1 2025,2025 Paper 1 分类,2025/2025 F5 Chp 1.csv
chapter,F5 Bab 2 2025,2025 Paper 1 分类,2025/2025 F5 Chp 2.csv
chapter,F5 Bab 3 2025,2025 Paper 1 分类,2025/2025 F5 Chp 3.csv
chapter,F5 Bab 4 2025,2025 Paper 1 分类,2025/2025 F5 Chp 4.csv
chapter,F5 Bab 5 2025,2025 Paper 1 分类,2025/2025 F5 Chp 5.csv
chapter,F5 Bab 6 2025,2025 Paper 1 分类,2025/2025 F5 Chp 6.csv
chapter,F5 Bab 7 2025,2025 Paper 1 分类,2025/2025 F5 Chp 7.csv
chapter,F5 Bab 8 2025,2025 Paper 1 分类,2025/2025 F5 Chp 8.csv
chapter,F5 Bab 9 2025,2025 Paper 1 分类,2025/2025 F5 Chp 9.csv
chapter,F5 Bab 10 2025,2025 Paper 1 分类,2025/2025 F5 Chp 10.csv
chapter,F4 Bab 1 2026,2026 Paper 1 分类,2026/2026 F4 Chp 1.csv
chapter,F4 Bab 2 2026,2026 Paper 1 分类,2026/2026 F4 Chp 2.csv
chapter,F4 Bab 3 2026,2026 Paper 1 分类,2026/2026 F4 Chp 3.csv
chapter,F4 Bab 4 2026,2026 Paper 1 分类,2026/2026 F4 Chp 4.csv
chapter,F4 Bab 5 2026,2026 Paper 1 分类,2026/2026 F4 Chp 5.csv
chapter,F4 Bab 6 2026,2026 Paper 1 分类,2026/2026 F4 Chp 6.csv
chapter,F4 Bab 7 2026,2026 Paper 1 分类,2026/2026 F4 Chp 7.csv
chapter,F4 Bab 8 2026,2026 Paper 1 分类,2026/2026 F4 Chp 8.csv
chapter,F4 Bab 9 2026,2026 Paper 1 分类,2026/2026 F4 Chp 9.csv
chapter,F4 Bab 10 2026,2026 Paper 1 分类,2026/2026 F4 Chp 10.csv
chapter,F5 Bab 1 2026,2026 Paper 1 分类,2026/2026 F5 Chp 1.csv
chapter,F5 Bab 2 2026,2026 Paper 1 分类,2026/2026 F5 Chp 2.csv
chapter,F5 Bab 3 2026,2026 Paper 1 分类,2026/2026 F5 Chp 3.csv
chapter,F5 Bab 4 2026,2026 Paper 1 分类,2026/2026 F5 Chp 4.csv
chapter,F5 Bab 5 2026,2026 Paper 1 分类,2026/2026 F5 Chp 5.csv
chapter,F5 Bab 6 2026,2026 Paper 1 分类,2026/2026 F5 Chp 6.csv
chapter,F5 Bab 7 2026,2026 Paper 1 分类,2026/2026 F5 Chp 7.csv
chapter,F5 Bab 8 2026,2026 Paper 1 分类,2026/2026 F5 Chp 8.csv
chapter,F5 Bab 9 2026,2026 Paper 1 分类,2026/2026 F5 Chp 9.csv
chapter,F5 Bab 10 2026,2026 Paper 1 分类,2026/2026 F5 Chp 10.csv
