title,type,question,A,B,C,D,answer,image,explanation
Johor Tangkak 2026,radio,F4 Bab 1,A,B,C,D,A,Picture1.png,"中文：苏丹是最高统治者，由大臣协助行政，这描述的是政府。
Bahasa Melayu: Kerajaan terdiri daripada raja sebagai pemerintah tertinggi yang dibantu oleh pembesar.
课本／Buku teks：Tingkatan 4, ms. 6."
,radio,F4 Bab 2,A,B,C,D,D,Picture2.png,"中文：Kartini的作品揭示土著落后，尤其女性受教育机会不足。
Bahasa Melayu: Karya Kartini mengisahkan kemunduran peribumi, terutama kekurangan peluang pendidikan bagi wanita.
课本／Buku teks：Tingkatan 4, ms. 30."
,radio,F4 Bab 2,A,B,C,D,A,Picture3.png,"中文：课本把这些人物的斗争列为通过社会经济组织推动民族意识。
Bahasa Melayu: Buku teks mengaitkan tokoh tersebut dengan perjuangan melalui pertubuhan sosioekonomi untuk menyedarkan masyarakat.
课本／Buku teks：Tingkatan 4, ms. 33."
,radio,F4 Bab 2,A,B,C,D,C,Picture4.png,"中文：这些诗作唤醒人民，使读者产生热爱祖国的民族情感。
Bahasa Melayu: Puisi tersebut menyedarkan masyarakat dan meniupkan semangat cinta akan negara.
课本／Buku teks：Tingkatan 4, ms. 39."
,radio,F4 Bab 3,A,B,C,D,A,Picture5.png,"中文：日本为取得被禁运的原料，扩张并占领资源丰富的东南亚。
Bahasa Melayu: Jepun menguasai Asia Tenggara untuk mendapatkan bahan mentah selepas sekatan ekonomi Barat.
课本／Buku teks：Tingkatan 4, ms. 65."
,radio,F4 Bab 3,A,B,C,D,B,Picture6.png,"中文：Gurchan Singh被称为Lion of Malaya，通过散发传单和宣传抵抗日本。
Bahasa Melayu: Gurchan Singh, digelar Lion of Malaya, menyebarkan risalah dan propaganda untuk menentang pendudukan Jepun.
课本／Buku teks：Tingkatan 4, ms. 76."
,radio,F4 Bab 4,A,B,C,D,D,Picture7.png,"中文：移交未经砂拉越人民知情，并使用欺骗手段取得同意，符合III和IV。
Bahasa Melayu: Penyerahan dibuat tanpa pengetahuan rakyat dan melalui muslihat, iaitu III dan IV.
课本／Buku teks：Tingkatan 4, ms. 108,109."
,radio,F4 Bab 4,A,B,C,D,A,Picture8.png,"中文：日本破坏城镇后，重建费用庞大，北婆罗洲公司陷入财政困难。
Bahasa Melayu: Kemusnahan bandar akibat perang menyebabkan SBUB menghadapi masalah kewangan untuk membina semula Sabah.
课本／Buku teks：Tingkatan 4, ms. 115."
,radio,F4 Bab 5,A,B,C,D,B,Picture9.png,"中文：马来统治者和巫统提出取代马来亚联邦的建议，促成1948年联邦。
Bahasa Melayu: Cadangan Raja-raja Melayu dan UMNO menghasilkan Persekutuan Tanah Melayu 1948 sebagai pengganti Malayan Union.
课本／Buku teks：Tingkatan 4, ms. 132."
,radio,F4 Bab 5,A,B,C,D,B,Picture10.png,"中文：1948年联邦恢复马来统治者地位，并保障马来人特殊地位，符合I和IV。
Bahasa Melayu: Persekutuan 1948 memulihkan kedudukan Raja-raja Melayu serta menjaga kedudukan istimewa orang Melayu.
课本／Buku teks：Tingkatan 4, ms. 136."
,radio,F4 Bab 6,A,B,C,D,A,Picture11.png,"中文：心理战争取人民信任，使人民支持政府而不帮助共产党。
Bahasa Melayu: Perang Saraf memenangi kepercayaan rakyat supaya mereka menyokong kerajaan dan menolak komunis.
课本／Buku teks：Tingkatan 4, ms. 159."
,radio,F4 Bab 6,A,B,C,D,B,Picture12.png,"中文：紧急时期按族群安置的新村减少族群接触，使关系疏远。
Bahasa Melayu: Penempatan berasaskan kaum semasa darurat mengurangkan interaksi dan merenggangkan hubungan antara kaum.
课本／Buku teks：Tingkatan 4, ms. 163."
,radio,F4 Bab 7,A,B,C,D,D,Picture13.png,"中文：1956年教育报告以共同教育制度培养国家认同和族群团结。
Bahasa Melayu: Penyata 1956 menjadi asas sistem pendidikan kebangsaan untuk memupuk perpaduan dan identiti negara.
课本／Buku teks：Tingkatan 4, ms. 183."
,radio,F4 Bab 7,A,B,C,D,C,Picture14.png,"中文：巫统、马华和国大党的联盟，体现不同族群政治合作。
Bahasa Melayu: Gabungan UMNO, MCA dan MIC membuktikan kerjasama antara kaum melalui Parti Perikatan.
课本／Buku teks：Tingkatan 4, ms. 187."
,radio,F4 Bab 8,A,B,C,D,D,Picture15.png,"中文：该条例提供法律依据，让地方政府选举能够举行。
Bahasa Melayu: Ordinan Pilihan Raya Pihak Berkuasa Tempatan membolehkan pilihan raya di peringkat tempatan diadakan.
课本／Buku teks：Tingkatan 4, ms. 196."
,radio,F4 Bab 8,A,B,C,D,C,Picture16.png,"中文：更多民选议员参与立法，显示民主实践的发展。
Bahasa Melayu: Pertambahan ahli Majlis Perundangan Persekutuan menunjukkan perkembangan penyertaan rakyat dan kejayaan amalan demokrasi.
课本／Buku teks：Tingkatan 4, ms. 204."
,radio,F4 Bab 9,A,B,C,D,D,Picture17.png,"中文：委员会须建立强大的中央政府，并保护马来统治者地位。
Bahasa Melayu: Terma rujukan termasuk mewujudkan kerajaan pusat yang kuat dan melindungi kedudukan Raja-raja Melayu.
课本／Buku teks：Tingkatan 4, ms. 220."
,radio,F4 Bab 9,A,B,C,D,B,Picture18.png,"中文：伊斯兰党批评公民权条件，尤其认为给予非马来人公民权过于宽松。
Bahasa Melayu: PAS mengkritik soal kewarganegaraan dalam draf perlembagaan, khususnya syarat yang dianggap terlalu longgar.
课本／Buku teks：Tingkatan 4, ms. 223."
,radio,F4 Bab 10,A,B,C,D,C,Picture19.png,"中文：独立体育场作为宣布独立的场所，呈现新国家的身份。
Bahasa Melayu: Stadium Merdeka menjadi tempat pemasyhuran kemerdekaan dan menonjolkan identiti negara merdeka.
课本／Buku teks：Tingkatan 4, ms. 236."
,radio,F4 Bab 10,A,B,C,D,C,Picture20.png,"中文：没有苏丹的州以州元首为最高州首长。
Bahasa Melayu: Yang di-Pertua Negeri mengetuai negeri yang tidak mempunyai sultan.
课本／Buku teks：Tingkatan 4, ms. 246."
,radio,F5 Bab 1,A,B,C,D,B,Picture21.png,"中文：我国有系统的统治采用君主立宪和议会民主制度。
Bahasa Melayu: Pemerintahan Malaysia dijalankan secara teratur melalui Raja Berperlembagaan dan Demokrasi Berparlimen.
课本／Buku teks：Tingkatan 5, ms. 8."
,radio,F5 Bab 1,A,B,C,D,D,Picture22.png,"中文：廉洁行政能避免资源浪费和政治动荡，促进经济繁荣及政治稳定。
Bahasa Melayu: Pentadbiran tanpa rasuah menjana kemakmuran ekonomi dan menjamin kestabilan politik, iaitu III dan IV.
课本／Buku teks：Tingkatan 5, ms. 12."
,radio,F5 Bab 2,A,B,C,D,D,Picture23.png,"中文：马来人的特殊地位属于宪法延续下来的传统元素。
Bahasa Melayu: Kedudukan istimewa orang Melayu ialah ciri tradisional yang dikekalkan dalam Perlembagaan Persekutuan.
课本／Buku teks：Tingkatan 5, ms. 29."
,radio,F5 Bab 2,A,B,C,D,C,Picture24.png,"中文：1965年的修宪配合新加坡退出，删除与新加坡有关的条文。
Bahasa Melayu: Pindaan 1965 memansuhkan perkara berkaitan Singapura selepas pemisahannya daripada Malaysia.
课本／Buku teks：Tingkatan 5, ms. 31."
,radio,F5 Bab 3,A,B,C,D,D,Picture25.png,"中文：改变州界须取得统治者会议同意，体现其宪法职责。
Bahasa Melayu: Majlis Raja-Raja memperkenankan perubahan sempadan negeri menurut Perlembagaan Persekutuan.
课本／Buku teks：Tingkatan 5, ms. 44."
,radio,F5 Bab 3,A,B,C,D,A,Picture26.png,"中文：传统与现代结合、酌情权和制衡等，都是我国议会民主的独特之处。
Bahasa Melayu: Gabungan unsur tradisional dan moden, kuasa budi bicara serta semak dan imbang menunjukkan keunikan Demokrasi Berparlimen.
课本／Buku teks：Tingkatan 5, ms. 57."
,radio,F5 Bab 4,A,B,C,D,C,Picture27.png,"中文：森美兰邦联把原有独立的成员州结合，保留各州的统治特点。
Bahasa Melayu: Konfederasi Negeri Sembilan menggabungkan negeri-negeri berdaulat di bawah satu susunan pentadbiran.
课本／Buku teks：Tingkatan 5, ms. 66."
,radio,F5 Bab 4,A,B,C,D,A,Picture28.png,"中文：这些理事会协调中央和州政府合作，使联邦行政更有效率。
Bahasa Melayu: Majlis tersebut menyelaraskan kerjasama Kerajaan Persekutuan dan Negeri supaya sistem Persekutuan lebih cekap.
课本／Buku teks：Tingkatan 5, ms. 81."
,radio,F5 Bab 5,A,B,C,D,C,Picture29.png,"中文：沙巴、砂拉越和汶莱的土著人口，可平衡合并新加坡后的族群比例。
Bahasa Melayu: Penyertaan penduduk bumiputera wilayah Borneo membantu menjamin keseimbangan komposisi kaum dalam Malaysia.
课本／Buku teks：Tingkatan 5, ms. 93."
,radio,F5 Bab 5,A,B,C,D,D,Picture30.png,"中文：印尼的抗议促使联合国进一步调查，因此成立日期推迟。
Bahasa Melayu: Bantahan Indonesia menyebabkan siasatan PBB dijalankan dan tarikh pengisytiharan Malaysia ditangguhkan.
课本／Buku teks：Tingkatan 5, ms. 104."
,radio,F5 Bab 6,A,B,C,D,C,Picture31.png,"中文：要求族群平等权利的政治争议，以及新加坡要求贷款利息的经济争议，促成分离。
Bahasa Melayu: Tuntutan hak sama rata dan pertikaian faedah pinjaman menimbulkan masalah politik serta ekonomi yang membawa kepada pemisahan.
课本／Buku teks：Tingkatan 5, ms. 119."
,radio,F5 Bab 6,A,B,C,D,B,Picture32.png,"中文：统治者呼吁人民遵守法律、保持冷静，以阻止暴乱蔓延。
Bahasa Melayu: Raja-raja menyeru rakyat mematuhi undang-undang dan bertenang bagi mengelakkan rusuhan merebak.
课本／Buku teks：Tingkatan 5, ms. 131."
,radio,F5 Bab 7,A,B,C,D,B,Picture33.png,"中文：多科制提供技能和实用教育，培养熟练劳动力。
Bahasa Melayu: Sekolah aneka jurusan menyediakan pendidikan kemahiran untuk melahirkan tenaga kerja mahir.
课本／Buku teks：Tingkatan 5, ms. 145."
,radio,F5 Bab 7,A,B,C,D,A,Picture34.png,"中文：共同参加课外活动能建立友谊和伙伴精神。
Bahasa Melayu: Aktiviti kokurikulum bersama memupuk semangat setia kawan dan hubungan mesra antara murid.
课本／Buku teks：Tingkatan 5, ms. 152."
,radio,F5 Bab 8,A,B,C,D,D,Picture35.png,"中文：敦拉萨以发展农村及增加收入的方式，推动消除贫穷。
Bahasa Melayu: Tun Abdul Razak memperkenalkan DEB untuk membasmi kemiskinan, khususnya dalam masyarakat luar bandar.
课本／Buku teks：Tingkatan 5, ms. 167."
,radio,F5 Bab 8,A,B,C,D,A,Picture36.png,"中文：DPN把经济、社会及环境发展结合，推动马来西亚迈向先进国。
Bahasa Melayu: DPN menggabungkan pembangunan ekonomi, sosial dan fizikal untuk menjadikan Malaysia negara maju.
课本／Buku teks：Tingkatan 5, ms. 175."
,radio,F5 Bab 9,A,B,C,D,A,Picture37.png,"中文：参加联合国机构体现我国支持和平共存与国际合作。
Bahasa Melayu: Komitmen Malaysia dalam agensi PBB mencerminkan usaha hidup bersama secara aman dan bekerjasama di peringkat antarabangsa.
课本／Buku teks：Tingkatan 5, ms. 198."
,radio,F5 Bab 9,A,B,C,D,B,Picture38.png,"中文：马来西亚反对暴力，提倡中庸，以纠正对伊斯兰的负面看法。
Bahasa Melayu: Malaysia menolak keganasan dan mengetengahkan kesederhanaan untuk membetulkan tanggapan terhadap Islam.
课本／Buku teks：Tingkatan 5, ms. 215."
,radio,F5 Bab 10,A,B,C,D,B,Picture39.png,"中文：SIJORI共享各地区的资源和优势，减少对外国的依赖。
Bahasa Melayu: Kerjasama SIJORI memanfaatkan kelebihan wilayah bagi memperoleh keuntungan bersama dan mengurangkan kebergantungan asing.
课本／Buku teks：Tingkatan 5, ms. 231."
,radio,F5 Bab 10,A,B,C,D,D,Picture40.png,"中文：浮罗交怡奖表扬对环境保护作出贡献的人士。
Bahasa Melayu: Anugerah Langkawi diberikan kepada individu yang menyumbang kepada perlindungan dan kelestarian alam sekitar.
课本／Buku teks：Tingkatan 5, ms. 238."
